Time,Vertical Force (single leg)
18706.57648,400.526062
18706.58481,400.983826
18706.59315,402.509705
18706.60148,402.204529
18706.60981,401.594177
18706.61815,401.594177
18706.62648,402.357117
18706.63481,403.272644
18706.64315,402.204529
18706.65148,401.594177
18706.65981,401.746765
18706.66815,401.746765
18706.67648,401.136414
18706.68481,401.136414
18706.69315,402.357117
18706.70148,403.120056
18706.70981,401.441589
18706.71815,401.441589
18706.72648,402.509705
18706.73481,402.509705
18706.74315,402.967468
18706.75148,401.136414
18706.75981,403.730408
18706.76815,403.120056
18706.77648,403.120056
18706.78481,404.188171
18706.79315,403.882996
18706.80148,403.272644
18706.80981,403.425232
18706.81815,403.425232
18706.82648,404.035583
18706.83481,402.509705
18706.84315,402.662292
18706.85148,402.967468
18706.85981,402.662292
18706.86815,404.340759
18706.87648,404.340759
18706.88481,404.188171
18706.89315,404.493347
18706.90148,404.340759
18706.90981,404.188171
18706.91815,407.850281
18706.92648,405.408875
18706.93481,405.408875
18706.94315,404.035583
18706.95148,404.951111
18706.95981,404.340759
18706.96815,404.188171
18706.97648,404.340759
18706.98481,404.340759
18706.99315,404.493347
18707.00148,403.272644
18707.00981,403.425232
18707.01815,403.57782
18707.02648,403.57782
18707.03481,402.662292
18707.04315,402.204529
18707.05148,402.967468
18707.05981,403.120056
18707.06815,402.204529
18707.07648,402.204529
18707.08481,402.967468
18707.09315,406.324402
18707.10148,404.035583
18707.10981,404.188171
18707.11815,404.188171
18707.12648,404.951111
18707.13481,404.951111
18707.14315,403.272644
18707.15148,403.882996
18707.15981,402.357117
18707.16815,401.441589
18707.17648,401.441589
18707.18481,402.204529
18707.19315,403.730408
18707.20148,402.204529
18707.20981,403.272644
18707.21815,404.645935
18707.22648,404.645935
18707.23481,404.188171
18707.24315,403.730408
18707.25148,404.798523
18707.25981,405.408875
18707.26815,402.051941
18707.27648,402.051941
18707.28481,401.594177
18707.29315,402.357117
18707.30148,403.272644
18707.30981,402.509705
18707.31815,402.357117
18707.32648,402.357117
18707.33481,402.204529
18707.34315,403.425232
18707.35148,403.272644
18707.35981,403.120056
18707.36815,403.120056
18707.37648,403.272644
18707.38481,402.051941
18707.39315,402.204529
18707.40148,401.289001
18707.40981,402.357117
18707.41815,402.357117
18707.42648,402.967468
18707.43481,403.120056
18707.44315,402.81488
18707.45148,403.425232
18707.45981,402.81488
18707.46815,402.81488
18707.47648,402.051941
18707.48481,402.051941
18707.49315,403.730408
18707.50148,403.57782
18707.50981,403.120056
18707.51815,403.120056
18707.52648,404.340759
18707.53481,404.340759
18707.54315,404.340759
18707.55148,403.730408
18707.55981,404.340759
18707.56815,402.967468
18707.57648,402.967468
18707.58481,405.103699
18707.59315,404.951111
18707.60148,404.188171
18707.60981,403.730408
18707.61815,403.730408
18707.62648,404.188171
18707.63481,404.035583
18707.64315,404.340759
18707.65148,404.188171
18707.65981,403.120056
18707.66815,402.051941
18707.67648,401.594177
18707.68481,401.594177
18707.69315,404.645935
18707.70148,403.272644
18707.70981,402.204529
18707.71815,403.57782
18707.72648,404.340759
18707.73481,404.340759
18707.74315,404.188171
18707.75148,404.188171
18707.75981,404.035583
18707.76815,404.035583
18707.77648,406.019226
18707.78481,404.493347
18707.79315,404.798523
18707.80148,404.340759
18707.80981,404.798523
18707.81815,405.103699
18707.82648,405.103699
18707.83481,405.103699
18707.84315,404.493347
18707.85148,404.951111
18707.85981,404.645935
18707.86815,403.882996
18707.87648,403.882996
18707.88481,404.188171
18707.89315,403.882996
18707.90148,403.730408
18707.90981,405.561462
18707.91815,405.561462
18707.92648,404.493347
18707.93481,403.120056
18707.94315,403.425232
18707.95148,403.425232
18707.95981,405.103699
18707.96815,405.103699
18707.97648,403.425232
18707.98481,403.425232
18707.99315,404.035583
18708.00148,403.272644
18708.00981,403.425232
18708.01815,404.188171
18708.02648,404.188171
18708.03481,403.57782
18708.04315,402.509705
18708.05148,403.120056
18708.05981,402.204529
18708.06815,402.204529
18708.07648,402.204529
18708.08481,401.441589
18708.09315,403.272644
18708.10148,402.051941
18708.10981,402.967468
18708.11815,402.051941
18708.12648,402.051941
18708.13481,402.967468
18708.14315,401.441589
18708.15148,402.051941
18708.15981,401.441589
18708.16815,401.289001
18708.17648,401.289001
18708.18481,402.051941
18708.19315,400.983826
18708.20148,401.441589
18708.20981,401.441589
18708.21815,401.441589
18708.22648,401.289001
18708.23481,400.67865
18708.24315,400.67865
18708.25148,401.441589
18708.25981,401.289001
18708.26815,401.289001
18708.27648,401.441589
18708.28481,401.136414
18708.29315,403.57782
18708.30148,401.594177
18708.30981,402.662292
18708.31815,402.662292
18708.32648,404.798523
18708.33481,404.798523
18708.34315,404.035583
18708.35148,404.188171
18708.35981,404.951111
18708.36815,403.882996
18708.37648,404.340759
18708.38481,404.340759
18708.39315,405.103699
18708.40148,405.256287
18708.40981,404.798523
18708.41815,404.798523
18708.42648,406.47699
18708.43481,405.71405
18708.44315,405.103699
18708.45148,407.239929
18708.45981,407.239929
18708.46815,407.087341
18708.47648,407.850281
18708.48481,407.850281
18708.49315,409.528748
18708.50148,410.139099
18708.50981,409.528748
18708.51815,409.528748
18708.52648,411.51239
18708.53481,411.054626
18708.54315,409.833923
18708.55148,411.359802
18708.55981,411.817566
18708.56815,411.817566
18708.57648,412.122742
18708.58481,412.122742
18708.59315,413.953796
18708.60148,415.1745
18708.60981,413.496033
18708.61815,413.648621
18708.62648,413.648621
18708.63481,413.496033
18708.64315,413.496033
18708.65148,412.427917
18708.65981,412.427917
18708.66815,412.122742
18708.67648,411.207214
18708.68481,411.207214
18708.69315,412.122742
18708.70148,411.664978
18708.70981,412.122742
18708.71815,412.733093
18708.72648,412.733093
18708.73481,413.801208
18708.74315,414.716736
18708.75148,414.869324
18708.75981,415.937439
18708.76815,415.937439
18708.77648,414.41156
18708.78481,413.953796
18708.79315,414.869324
18708.80148,414.716736
18708.80981,413.496033
18708.81815,413.801208
18708.82648,413.801208
18708.83481,413.648621
18708.84315,413.496033
18708.85148,412.580505
18708.85981,412.427917
18708.86815,412.427917
18708.87648,412.27533
18708.88481,411.51239
18708.89315,410.902039
18708.90148,411.817566
18708.90981,412.885681
18708.91815,413.190857
18708.92648,413.190857
18708.93481,412.122742
18708.94315,409.37616
18708.95148,411.207214
18708.95981,414.258972
18708.96815,414.258972
18708.97648,414.106384
18708.98481,414.106384
18708.99315,413.190857
18709.00148,413.343445
18709.00981,412.122742
18709.01815,412.122742
18709.02648,412.580505
18709.03481,411.359802
18709.04315,410.291687
18709.05148,410.139099
18709.05981,411.51239
18709.06815,411.51239
18709.07648,408.765808
18709.08481,407.545105
18709.09315,408.308044
18709.10148,405.256287
18709.10981,406.782166
18709.11815,407.087341
18709.12648,408.002869
18709.13481,408.002869
18709.14315,405.866638
18709.15148,405.71405
18709.15981,405.408875
18709.16815,405.408875
18709.17648,405.256287
18709.18481,404.035583
18709.19315,404.798523
18709.20148,404.645935
18709.20981,404.035583
18709.21815,403.272644
18709.22648,404.645935
18709.23481,404.645935
18709.24315,404.188171
18709.25148,404.188171
18709.25981,403.730408
18709.26815,403.730408
18709.27648,403.730408
18709.28481,402.967468
18709.29315,403.425232
18709.30148,402.81488
18709.30981,401.594177
18709.31815,401.594177
18709.32648,401.594177
18709.33481,402.967468
18709.34315,401.899353
18709.35148,401.136414
18709.35981,400.831238
18709.36815,400.831238
18709.37648,399.91571
18709.38481,400.526062
18709.39315,398.847595
18709.40148,399.152771
18709.40981,399.763123
18709.41815,399.763123
18709.42648,399.763123
18709.43481,399.763123
18709.44315,399.91571
18709.45148,399.305359
18709.45981,400.983826
18709.46815,400.983826
18709.47648,399.305359
18709.48481,399.305359
18709.49315,399.763123
18709.50148,400.526062
18709.50981,399.763123
18709.51815,400.526062
18709.52648,400.220886
18709.53481,400.220886
18709.54315,399.763123
18709.55148,399.763123
18709.55981,399.610535
18709.56815,398.542419
18709.57648,398.542419
18709.58481,399.610535
18709.59315,400.373474
18709.60148,399.91571
18709.60981,399.763123
18709.61815,399.763123
18709.62648,400.526062
18709.63481,400.67865
18709.64315,399.763123
18709.65148,401.289001
18709.65981,400.220886
18709.66815,400.526062
18709.67648,400.526062
18709.68481,399.305359
18709.69315,400.831238
18709.70148,401.594177
18709.70981,402.204529
18709.71815,402.204529
18709.72648,402.204529
18709.73481,403.272644
18709.74315,402.967468
18709.75148,403.272644
18709.75981,404.035583
18709.76815,404.035583
18709.77648,404.951111
18709.78481,404.951111
18709.79315,405.866638
18709.80148,404.798523
18709.80981,404.645935
18709.81815,404.645935
18709.82648,405.866638
18709.83481,405.256287
18709.84315,406.019226
18709.85148,405.103699
18709.85981,405.408875
18709.86815,406.324402
18709.87648,406.171814
18709.88481,406.171814
18709.89315,406.782166
18709.90148,407.392517
18709.90981,406.019226
18709.91815,406.171814
18709.92648,406.171814
18709.93481,407.239929
18709.94315,406.629578
18709.95148,405.103699
18709.95981,406.934753
18709.96815,406.934753
18709.97648,406.934753
18709.98481,406.629578
18709.99315,408.61322
18710.00148,408.460632
18710.00981,407.239929
18710.01815,407.239929
18710.02648,405.561462
18710.03481,405.561462
18710.04315,405.256287
18710.05148,404.951111
18710.05981,404.493347
18710.06815,403.882996
18710.07648,402.051941
18710.08481,402.051941
18710.09315,402.051941
18710.10148,401.594177
18710.10981,401.136414
18710.11815,401.136414
18710.12648,401.136414
18710.13481,399.457947
18710.14315,400.373474
18710.15148,401.594177
18710.15981,400.983826
18710.16815,401.136414
18710.17648,401.594177
18710.18481,401.594177
18710.19315,400.068298
18710.20148,400.983826
18710.20981,401.899353
18710.21815,401.899353
18710.22648,401.136414
18710.23481,401.136414
18710.24315,400.983826
18710.25148,401.899353
18710.25981,402.967468
18710.26815,402.967468
18710.27648,401.746765
18710.28481,402.357117
18710.29315,401.136414
18710.30148,401.899353
18710.30981,401.594177
18710.31815,401.594177
18710.32648,402.051941
18710.33481,402.051941
18710.34315,401.136414
18710.35148,402.509705
18710.35981,402.81488
18710.36815,401.289001
18710.37648,401.289001
18710.38481,400.831238
18710.39315,401.899353
18710.40148,402.204529
18710.40981,400.983826
18710.41815,401.136414
18710.42648,401.136414
18710.43481,400.526062
18710.44315,399.91571
18710.45148,399.91571
18710.45981,400.220886
18710.46815,400.220886
18710.47648,400.373474
18710.48481,400.67865
18710.49315,400.373474
18710.50148,400.373474
18710.50981,399.457947
18710.51815,399.152771
18710.52648,399.152771
18710.53481,399.457947
18710.54315,398.695007
18710.55148,397.474304
18710.55981,397.932068
18710.56815,398.237244
18710.57648,397.77948
18710.58481,397.77948
18710.59315,398.542419
18710.60148,399.305359
18710.60981,398.542419
18710.61815,398.542419
18710.62648,398.084656
18710.63481,399.000183
18710.64315,398.695007
18710.65148,398.542419
18710.65981,398.237244
18710.66815,398.237244
18710.67648,397.626892
18710.68481,399.152771
18710.69315,396.558777
18710.70148,398.084656
18710.70981,398.084656
18710.71815,398.084656
18710.72648,399.610535
18710.73481,398.847595
18710.74315,399.000183
18710.75148,398.695007
18710.75981,398.542419
18710.76815,398.542419
18710.77648,398.542419
18710.78481,398.542419
18710.79315,397.77948
18710.80148,398.542419
18710.80981,398.237244
18710.81815,398.084656
18710.82648,398.084656
18710.83481,399.305359
18710.84315,397.321716
18710.85148,397.932068
18710.85981,400.220886
18710.86815,398.237244
18710.87648,398.237244
18710.88481,397.474304
18710.89315,399.152771
18710.90148,398.847595
18710.90981,397.474304
18710.91815,397.321716
18710.92648,397.321716
18710.93481,397.626892
18710.94315,397.932068
18710.95148,399.763123
18710.95981,398.084656
18710.96815,398.237244
18710.97648,398.237244
18710.98481,397.169128
18710.99315,397.77948
18711.00148,399.305359
18711.00981,399.305359
18711.01815,398.389832
18711.02648,396.711365
18711.03481,397.932068
18711.04315,397.169128
18711.05148,398.542419
18711.05981,397.77948
18711.06815,397.932068
18711.07648,398.084656
18711.08481,398.084656
18711.09315,397.77948
18711.10148,399.305359
18711.10981,398.695007
18711.11815,398.695007
18711.12648,398.237244
18711.13481,399.610535
18711.14315,400.67865
18711.15148,400.068298
18711.15981,400.220886
18711.16815,400.983826
18711.17648,400.983826
18711.18481,402.967468
18711.19315,402.509705
18711.20148,402.509705
18711.20981,402.81488
18711.21815,403.272644
18711.22648,403.272644
18711.23481,402.967468
18711.24315,403.57782
18711.25148,403.425232
18711.25981,402.662292
18711.26815,402.662292
18711.27648,402.81488
18711.28481,402.81488
18711.29315,401.899353
18711.30148,400.220886
18711.30981,400.220886
18711.31815,400.068298
18711.32648,400.068298
18711.33481,399.763123
18711.34315,399.91571
18711.35148,398.389832
18711.35981,398.389832
18711.36815,397.77948
18711.37648,397.77948
18711.38481,399.610535
18711.39315,399.763123
18711.40148,399.305359
18711.40981,397.932068
18711.41815,397.932068
18711.42648,399.763123
18711.43481,399.763123
18711.44315,398.542419
18711.45148,398.084656
18711.45981,398.847595
18711.46815,398.847595
18711.47648,398.542419
18711.48481,398.542419
18711.49315,398.542419
18711.50148,398.237244
18711.50981,397.77948
18711.51815,397.77948
18711.52648,398.084656
18711.53481,398.084656
18711.54315,398.084656
18711.55148,396.863953
18711.55981,398.237244
18711.56815,398.237244
18711.57648,397.77948
18711.58481,397.77948
18711.59315,399.305359
18711.60148,397.626892
18711.60981,397.626892
18711.61815,397.169128
18711.62648,397.169128
18711.63481,398.237244
18711.64315,396.406189
18711.65148,396.863953
18711.65981,396.253601
18711.66815,396.253601
18711.67648,395.032898
18711.68481,395.032898
18711.69315,396.711365
18711.70148,396.101013
18711.70981,394.88031
18711.71815,393.354431
18711.72648,393.354431
18711.73481,396.101013
18711.74315,394.727722
18711.75148,394.575134
18711.75981,396.558777
18711.76815,396.558777
18711.77648,395.64325
18711.78481,395.64325
18711.79315,396.101013
18711.80148,397.169128
18711.80981,396.253601
18711.81815,396.253601
18711.82648,396.101013
18711.83481,396.101013
18711.84315,396.558777
18711.85148,397.321716
18711.85981,396.711365
18711.86815,396.711365
18711.87648,396.711365
18711.88481,395.948425
18711.89315,397.77948
18711.90148,397.321716
18711.90981,396.863953
18711.91815,397.321716
18711.92648,397.626892
18711.93481,397.626892
18711.94315,397.932068
18711.95148,397.626892
18711.95981,398.847595
18711.96815,397.626892
18711.97648,397.626892
18711.98481,397.016541
18711.99315,398.389832
18712.00148,399.152771
18712.00981,399.152771
18712.01815,399.152771
18712.02648,398.389832
18712.03481,398.389832
18712.04315,397.932068
18712.05148,397.016541
18712.05981,398.695007
18712.06815,397.321716
18712.07648,397.321716
18712.08481,396.863953
18712.09315,398.084656
18712.10148,397.77948
18712.10981,399.000183
18712.11815,398.847595
18712.12648,398.847595
18712.13481,398.847595
18712.14315,397.321716
18712.15148,397.77948
18712.15981,396.101013
18712.16815,397.932068
18712.17648,397.932068
18712.18481,396.101013
18712.19315,395.490662
18712.20148,396.863953
18712.20981,396.406189
18712.21815,396.253601
18712.22648,396.253601
18712.23481,397.77948
18712.24315,396.711365
18712.25148,397.626892
18712.25981,397.626892
18712.26815,398.542419
18712.27648,398.542419
18712.28481,398.847595
18712.29315,397.77948
18712.30148,400.373474
18712.30981,399.000183
18712.31815,399.000183
18712.32648,398.847595
18712.33481,399.610535
18712.34315,399.610535
18712.35148,399.763123
18712.35981,399.457947
18712.36815,399.457947
18712.37648,399.610535
18712.38481,399.305359
18712.39315,400.068298
18712.40148,400.983826
18712.40981,402.204529
18712.41815,402.204529
18712.42648,403.120056
18712.43481,402.81488
18712.44315,405.256287
18712.45148,406.019226
18712.45981,406.629578
18712.46815,406.629578
18712.47648,406.171814
18712.48481,406.934753
18712.49315,409.070984
18712.50148,409.528748
18712.50981,410.749451
18712.51815,410.749451
18712.52648,412.27533
18712.53481,414.564148
18712.54315,415.784851
18712.55148,417.921082
18712.55981,421.430603
18712.56815,423.261658
18712.57648,425.703064
18712.58481,425.703064
18712.59315,427.686707
18712.60148,429.517761
18712.60981,431.653992
18712.61815,433.332458
18712.62648,433.332458
18712.63481,436.231628
18712.64315,438.520447
18712.65148,441.114441
18712.65981,443.250671
18712.66815,444.318787
18712.67648,443.708435
18712.68481,443.708435
18712.69315,445.234314
18712.70148,444.623962
18712.70981,444.013611
18712.71815,442.335144
18712.72648,442.335144
18712.73481,440.046326
18712.74315,437.147156
18712.75148,435.316101
18712.75981,433.027283
18712.76815,430.738464
18712.77648,430.738464
18712.78481,428.754822
18712.79315,425.703064
18712.80148,423.566833
18712.80981,421.125427
18712.81815,422.040955
18712.82648,422.040955
18712.83481,419.904724
18712.84315,418.226257
18712.85148,417.158142
18712.85981,416.547791
18712.86815,414.716736
18712.87648,414.716736
18712.88481,410.902039
18712.89315,409.37616
18712.90148,406.934753
18712.90981,406.019226
18712.91815,401.594177
18712.92648,400.526062
18712.93481,400.526062
18712.94315,397.932068
18712.95148,396.406189
18712.95981,395.490662
18712.96815,395.490662
18712.97648,393.812195
18712.98481,389.84491
18712.99315,386.94574
18713.00148,383.28363
18713.00981,377.332703
18713.01815,373.518005
18713.02648,373.518005
18713.03481,369.855896
18713.04315,366.804138
18713.05148,361.921326
18713.05981,357.343689
18713.06815,355.665222
18713.07648,355.665222
18713.08481,353.528992
18713.09315,353.223816
18713.10148,352.460876
18713.10981,351.240173
18713.11815,350.477234
18713.12648,350.477234
18713.13481,353.223816
18713.14315,351.697937
18713.15148,350.934998
18713.15981,350.172058
18713.16815,349.714294
18713.17648,349.714294
18713.18481,347.578064
18713.19315,343.305603
18713.20148,339.033142
18713.20981,332.929626
18713.21815,332.929626
18713.22648,326.215759
18713.23481,321.027771
18713.24315,313.398376
18713.25148,306.989685
18713.25981,298.597351
18713.26815,298.597351
18713.27648,289.747253
18713.28481,278.608337
18713.29315,269.300476
18713.30148,259.534851
18713.30981,247.63298
18713.31815,247.63298
18713.32648,232.831955
18713.33481,216.962814
18713.34315,194.990158
18713.35148,176.832199
18713.35981,153.028488
18713.36815,153.028488
18713.37648,131.055832
18713.38481,110.303879
18713.39315,90.314865
18713.40148,75.51384
18713.40981,64.680099
18713.41815,64.680099
18713.42648,54.151535
18713.43481,46.064377
18713.44315,39.35051
18713.45148,33.094406
18713.45981,25.617599
18713.46815,20.277023
18713.47648,17.072678
18713.48481,17.072678
18713.49315,15.241623
18713.50148,16.15715
18713.50981,17.530441
18713.51815,17.225266
18713.52648,17.225266
18713.53481,17.377853
18713.54315,17.835617
18713.55148,16.92009
18713.55981,16.004562
18713.56815,16.462326
18713.57648,16.462326
18713.58481,17.530441
18713.59315,17.683029
18713.60148,17.377853
18713.60981,17.683029
18713.61815,18.293381
18713.62648,18.293381
18713.63481,17.683029
18713.64315,18.598557
18713.65148,18.140793
18713.65981,17.835617
18713.66815,18.140793
18713.67648,18.445969
18713.68481,18.445969
18713.69315,18.140793
18713.70148,17.683029
18713.70981,16.92009
18713.71815,16.92009
18713.72648,18.598557
18713.73481,17.835617
18713.74315,19.05632
18713.75148,17.530441
18713.75981,17.835617
18713.76815,16.309738
18713.77648,16.309738
18713.78481,17.835617
18713.79315,16.92009
18713.80148,16.462326
18713.80981,16.92009
18713.81815,17.225266
18713.82648,17.225266
18713.83481,15.851974
18713.84315,17.377853
18713.85148,17.377853
18713.85981,16.767502
18713.86815,17.683029
18713.87648,17.683029
18713.88481,15.546799
18713.89315,18.140793
18713.90148,15.851974
18713.90981,17.530441
18713.91815,17.072678
18713.92648,17.072678
18713.93481,40.723801
18713.94315,68.95256
18713.95148,79.328537
18713.95981,88.48381
18713.96815,105.115891
18713.97648,105.115891
18713.98481,137.00676
18713.99315,173.17009
18714.00148,210.401535
18714.00981,256.02533
18714.01815,256.02533
18714.02648,308.362976
18714.03481,351.087585
18714.04315,375.043884
18714.05148,387.098328
18714.05981,394.422546
18714.06815,402.81488
18714.07648,422.040955
18714.08481,422.040955
18714.09315,445.234314
18714.10148,475.141541
18714.10981,502.607361
18714.11815,525.648132
18714.12648,525.648132
18714.13481,549.299255
18714.14315,575.69696
18714.15148,598.279968
18714.15981,618.726746
18714.16815,618.726746
18714.17648,636.579529
18714.18481,662.366882
18714.19315,687.238708
18714.20148,710.432068
18714.20981,734.083191
18714.21815,759.260193
18714.22648,759.260193
18714.23481,779.249207
18714.24315,798.475281
18714.25148,809.003845
18714.25981,811.903015
18714.26815,811.903015
18714.27648,810.224548
18714.28481,800.458923
18714.29315,791.608826
18714.30148,778.486267
18714.30981,759.412781
18714.31815,746.44281
18714.32648,746.44281
18714.33481,734.84613
18714.34315,729.200378
18714.35148,726.91156
18714.35981,723.249451
18714.36815,719.739929
18714.37648,719.739929
18714.38481,717.451111
18714.39315,716.535583
18714.40148,717.298523
18714.40981,718.97699
18714.41815,718.97699
18714.42648,718.671814
18714.43481,721.723572
18714.44315,727.827087
18714.45148,734.540955
18714.45981,741.102234
18714.46815,748.884216
18714.47648,748.884216
18714.48481,756.666199
18714.49315,765.97406
18714.50148,780.317322
18714.50981,792.676941
18714.51815,798.627869
18714.52648,798.627869
18714.53481,804.121033
18714.54315,808.088318
18714.55148,813.276306
18714.55981,814.802185
18714.56815,814.344421
18714.57648,814.344421
18714.58481,811.140076
18714.59315,808.088318
18714.60148,800.306335
18714.60981,791.761414
18714.61815,791.761414
18714.62648,780.622498
18714.63481,774.976746
18714.64315,765.821472
18714.65148,757.581726
18714.65981,750.867859
18714.66815,745.222107
18714.67648,741.40741
18714.68481,741.40741
18714.69315,738.966003
18714.70148,732.404724
18714.70981,725.690857
18714.71815,724.927917
18714.72648,724.927917
18714.73481,720.960632
18714.74315,716.688171
18714.75148,708.14325
18714.75981,689.527527
18714.76815,676.404968
18714.77648,676.404968
18714.78481,653.059021
18714.79315,627.882019
18714.80148,599.805847
18714.80981,570.203796
18714.81815,538.770691
18714.82648,538.770691
18714.83481,487.958923
18714.84315,423.414246
18714.85148,382.520691
18714.85981,346.509949
18714.86815,346.509949
18714.87648,323.011414
18714.88481,310.194031
18714.89315,315.382019
18714.90148,311.414734
18714.90981,297.071472
18714.91815,297.071472
18714.92648,276.777283
18714.93481,262.891785
18714.94315,230.237961
18714.95148,212.690353
18714.95981,199.110031
18714.96815,186.903
18714.97648,186.903
18714.98481,170.881271
18714.99315,156.080246
18715.00148,140.211105
18715.00981,124.647141
18715.01815,98.249435
18715.02648,98.249435
18715.03481,89.094162
18715.04315,81.159592
18715.05148,79.328537
18715.05981,68.037033
18715.06815,68.037033
18715.07648,54.304123
18715.08481,49.726486
18715.09315,44.233322
18715.10148,39.960861
18715.10981,39.960861
18715.11815,29.89006
18715.12648,30.958176
18715.13481,34.925461
18715.14315,26.685715
18715.15148,29.89006
18715.15981,32.026291
18715.16815,20.277023
18715.17648,20.277023
18715.18481,28.974533
18715.19315,43.928146
18715.20148,18.903732
18715.20981,24.396896
18715.21815,23.328781
18715.22648,23.328781
18715.23481,36.756516
18715.24315,22.871017
18715.25148,28.821945
18715.25981,12.189865
18715.26815,37.366867
18715.27648,37.366867
18715.28481,21.650314
18715.29315,38.740158
18715.30148,28.364182
18715.30981,33.55217
18715.31815,27.448654
18715.32648,27.448654
18715.33481,28.059006
18715.34315,22.71843
18715.35148,27.143478
18715.35981,29.127121
18715.36815,18.140793
18715.37648,18.140793
18715.38481,28.821945
18715.39315,18.903732
18715.40148,28.974533
18715.40981,19.05632
18715.41815,34.772873
18715.42648,34.772873
18715.43481,19.208908
18715.44315,25.159836
18715.45148,13.715744
18715.45981,31.263351
18715.46815,53.541183
18715.47648,53.541183
18715.48481,148.145676
18715.49315,279.218689
18715.50148,431.04364
18715.50981,570.814148
18715.51815,570.814148
18715.52648,736.219421
18715.53481,848.524109
18715.54315,940.382019
18715.55148,893.384949
18715.55981,851.575867
18715.56815,900.55658
18715.57648,900.55658
18715.58481,930.616394
18715.59315,966.932312
18715.60148,1005.994812
18715.60981,1014.387146
18715.61815,996.686951
18715.62648,996.686951
18715.63481,982.496277
18715.64315,931.531921
18715.65148,880.414978
18715.65981,815.107361
18715.66815,776.350037
18715.67648,776.350037
18715.68481,772.382751
18715.69315,734.540955
18715.70148,697.156921
18715.70981,680.067078
18715.71815,680.067078
18715.72648,651.380554
18715.73481,628.950134
18715.74315,578.59613
18715.75148,548.841492
18715.75981,534.345642
18715.76815,534.345642
18715.77648,490.40033
18715.78481,490.40033
18715.79315,475.446716
18715.80148,450.422302
18715.80981,445.081726
18715.81815,445.081726
18715.82648,449.201599
18715.83481,449.659363
18715.84315,448.743835
18715.85148,464.002625
18715.85981,441.419617
18715.86815,418.378845
18715.87648,377.332703
18715.88481,377.332703
18715.89315,322.858826
18715.90148,244.886398
18715.90981,189.03923
18715.91815,189.03923
18715.92648,174.390793
18715.93481,140.668869
18715.94315,98.707199
18715.95148,77.344894
18715.95981,49.116135
18715.96815,49.116135
18715.97648,46.216965
18715.98481,14.936447
18715.99315,60.407639
18716.00148,13.410568
18716.00981,39.197922
18716.01815,41.48674
18716.02648,41.48674
18716.03481,49.268723
18716.04315,27.601242
18716.05148,11.274338
18716.05981,14.02092
18716.06815,35.840988
18716.07648,35.840988
18716.08481,60.102463
18716.09315,34.925461
18716.10148,-6.120682
18716.10981,17.072678
18716.11815,48.810959
18716.12648,17.225266
18716.13481,17.225266
18716.14315,29.432297
18716.15148,4.560471
18716.15981,22.108078
18716.16815,22.108078
18716.17648,32.178879
18716.18481,32.484055
18716.19315,10.511398
18716.20148,14.02092
18716.20981,20.734787
18716.21815,33.246994
18716.22648,33.246994
18716.23481,19.81926
18716.24315,19.81926
18716.25148,24.396896
18716.25981,45.301437
18716.26815,45.301437
18716.27648,183.546066
18716.28481,388.776794
18716.29315,543.500916
18716.30148,645.88739
18716.30981,846.845642
18716.31815,943.281189
18716.32648,943.281189
18716.33481,978.986755
18716.34315,996.229187
18716.35148,1003.400818
18716.35981,1033.002808
18716.36815,1087.324097
18716.37648,1087.324097
18716.38481,1094.34314
18716.39315,1077.558472
18716.40148,977.91864
18716.40981,954.267517
18716.41815,873.395935
18716.42648,873.395935
18716.43481,805.341736
18716.44315,692.274109
18716.45148,640.241638
18716.45981,566.694275
18716.46815,538.923279
18716.47648,538.923279
18716.48481,481.855408
18716.49315,428.602234
18716.50148,395.64325
18716.50981,400.526062
18716.51815,400.526062
18716.52648,393.659607
18716.53481,419.141785
18716.54315,424.482361
18716.55148,467.512146
18716.55981,506.879822
18716.56815,570.966736
18716.57648,570.966736
18716.58481,599.348083
18716.59315,671.21698
18716.60148,714.246765
18716.60981,776.044861
18716.61815,776.044861
18716.62648,805.341736
18716.63481,849.287048
18716.64315,879.652039
18716.65148,924.665466
18716.65981,928.327576
18716.66815,928.327576
18716.67648,944.349304
18716.68481,929.395691
18716.69315,894.75824
18716.70148,825.025574
18716.70981,761.091248
18716.71815,645.277039
18716.72648,645.277039
18716.73481,448.743835
18716.74315,350.78241
18716.75148,254.957199
18716.75981,162.183762
18716.76815,162.183762
18716.77648,85.737228
18716.78481,83.143234
18716.79315,54.761887
18716.80148,39.045334
18716.80981,14.936447
18716.81815,30.347824
18716.82648,30.347824
18716.83481,58.88176
18716.84315,22.565842
18716.85148,15.699387
18716.85981,11.884689
18716.86815,32.484055
18716.87648,32.484055
18716.88481,47.437668
18716.89315,7.459641
18716.90148,25.465012
18716.90981,21.95549
18716.91815,21.95549
18716.92648,30.195236
18716.93481,10.206223
18716.94315,27.75383
18716.95148,12.342453
18716.95981,32.484055
18716.96815,17.988205
18716.97648,17.988205
18716.98481,16.462326
18716.99315,24.85466
18717.00148,20.887375
18717.00981,14.478683
18717.01815,14.478683
18717.02648,16.614914
18717.03481,16.614914
18717.04315,19.208908
18717.05148,24.091721
18717.05981,12.647629
18717.06815,22.71843
18717.07648,22.71843
18717.08481,10.35881
18717.09315,10.816574
18717.10148,21.497726
18717.10981,26.838303
18717.11815,26.838303
18717.12648,18.598557
18717.13481,17.530441
18717.14315,71.85173
18717.15148,199.872971
18717.15981,457.593933
18717.16815,580.274597
18717.17648,580.274597
18717.18481,628.644958
18717.19315,720.960632
18717.20148,783.216492
18717.20981,743.696228
18717.21815,743.696228
18717.22648,785.657898
18717.23481,892.469421
18717.24315,936.414734
18717.25148,999.128357
18717.25981,1023.695007
18717.26815,1019.575134
18717.27648,1019.575134
18717.28481,1000.196472
18717.29315,975.477234
18717.30148,894.910828
18717.30981,847.455994
18717.31815,802.595154
18717.32648,802.595154
18717.33481,738.966003
18717.34315,693.799988
18717.35148,645.88739
18717.35981,596.143738
18717.36815,549.909607
18717.37648,549.909607
18717.38481,508.100525
18717.39315,479.566589
18717.40148,448.591248
18717.40981,443.861023
18717.41815,443.861023
18717.42648,426.160828
18717.43481,414.716736
18717.44315,429.517761
18717.45148,432.111755
18717.45981,450.269714
18717.46815,450.269714
18717.47648,473.00531
18717.48481,497.877136
18717.49315,552.351013
18717.50148,586.072937
18717.50981,652.296082
18717.51815,652.296082
18717.52648,695.325867
18717.53481,751.020447
18717.54315,810.987488
18717.55148,860.273376
18717.55981,895.063416
18717.56815,944.349304
18717.57648,944.349304
18717.58481,966.32196
18717.59315,996.381775
18717.60148,979.139343
18717.60981,973.493591
18717.61815,973.493591
18717.62648,913.221375
18717.63481,871.107117
18717.64315,760.786072
18717.65148,601.78949
18717.65981,487.195984
18717.66815,366.498962
18717.67648,366.498962
18717.68481,227.338791
18717.69315,125.562668
18717.70148,76.887131
18717.70981,93.366623
18717.71815,64.069748
18717.72648,21.650314
18717.73481,21.650314
18717.74315,7.154465
18717.75148,37.977219
18717.75981,26.685715
18717.76815,25.007248
18717.77648,26.075363
18717.78481,26.075363
18717.79315,26.685715
18717.80148,14.783859
18717.80981,20.429611
18717.81815,20.429611
18717.82648,26.838303
18717.83481,26.838303
18717.84315,11.732101
18717.85148,18.293381
18717.85981,19.514084
18717.86815,21.497726
18717.87648,18.903732
18717.88481,18.903732
18717.89315,16.92009
18717.90148,25.922775
18717.90981,27.601242
18717.91815,27.601242
18717.92648,16.92009
18717.93481,16.92009
18717.94315,10.35881
18717.95148,8.680344
18717.95981,18.751144
18717.96815,6.391525
18717.97648,6.391525
18717.98481,27.906418
18717.99315,12.952805
18718.00148,8.22258
18718.00981,9.138107
18718.01815,17.988205
18718.02648,17.988205
18718.03481,30.653
18718.04315,4.255295
18718.05148,2.271652
18718.05981,14.326096
18718.06815,24.702072
18718.07648,24.702072
18718.08481,10.816574
18718.09315,37.824631
18718.10148,157.148361
18718.10981,312.177673
18718.11815,347.88324
18718.12648,347.88324
18718.13481,387.556091
18718.14315,492.53656
18718.15148,589.582458
18718.15981,637.800232
18718.16815,656.72113
18718.17648,656.72113
18718.18481,719.587341
18718.19315,772.840515
18718.20148,804.578796
18718.20981,855.543152
18718.21815,906.965271
18718.22648,906.965271
18718.23481,935.194031
18718.24315,935.95697
18718.25148,910.169617
18718.25981,897.962585
18718.26815,897.962585
18718.27648,861.951843
18718.28481,808.851257
18718.29315,761.549011
18718.30148,728.895203
18718.30981,690.443054
18718.31815,690.443054
18718.32648,650.465027
18718.33481,616.895691
18718.34315,612.165466
18718.35148,566.541687
18718.35981,558.607117
18718.36815,558.607117
18718.37648,553.266541
18718.38481,553.266541
18718.39315,533.735291
18718.40148,552.198425
18718.40981,548.688904
18718.41815,548.688904
18718.42648,586.072937
18718.43481,570.508972
18718.44315,587.751404
18718.45148,605.604187
18718.45981,610.487
18718.46815,645.124451
18718.47648,645.124451
18718.48481,683.576599
18718.49315,700.361267
18718.50148,714.399353
18718.50981,727.827087
18718.51815,727.827087
18718.52648,742.933289
18718.53481,753.461853
18718.54315,747.816101
18718.55148,779.70697
18718.55981,783.674255
18718.56815,779.859558
18718.57648,781.232849
18718.58481,781.232849
18718.59315,806.104675
18718.60148,836.16449
18718.60981,867.750183
18718.61815,867.750183
18718.62648,873.853699
18718.63481,873.853699
18718.64315,872.175232
18718.65148,885.297791
18718.65981,849.287048
18718.66815,814.802185
18718.67648,814.802185
18718.68481,775.129333
18718.69315,719.739929
18718.70148,639.478699
18718.70981,559.980408
18718.71815,447.370544
18718.72648,447.370544
18718.73481,347.88324
18718.74315,257.551208
18718.75148,171.644211
18718.75981,112.440109
18718.76815,112.440109
18718.77648,75.208664
18718.78481,61.475754
18718.79315,40.266037
18718.80148,36.146164
18718.80981,34.162521
18718.81815,34.162521
18718.82648,19.05632
18718.83481,16.004562
18718.84315,5.781174
18718.85148,33.246994
18718.85981,16.462326
18718.86815,23.481369
18718.87648,23.481369
18718.88481,7.917404
18718.89315,21.650314
18718.90148,5.781174
18718.90981,27.601242
18718.91815,13.715744
18718.92648,13.715744
18718.93481,24.549484
18718.94315,12.189865
18718.95148,25.922775
18718.95981,12.800217
18718.96815,23.481369
18718.97648,3.339768
18718.98481,3.339768
18718.99315,15.851974
18719.00148,15.699387
18719.00981,23.481369
18719.01815,23.481369
18719.02648,7.001877
18719.03481,12.647629
18719.04315,22.871017
18719.05148,7.459641
18719.05981,18.751144
18719.06815,18.751144
18719.07648,12.037277
18719.08481,19.361496
18719.09315,20.887375
18719.10148,14.326096
18719.10981,9.138107
18719.11815,15.241623
18719.12648,15.241623
18719.13481,22.413254
18719.14315,3.18718
18719.15148,18.445969
18719.15981,17.530441
18719.16815,17.530441
18719.17648,4.102707
18719.18481,12.495041
18719.19315,7.001877
18719.20148,21.650314
18719.20981,28.211594
18719.21815,130.292892
18719.22648,130.292892
18719.23481,226.270676
18719.24315,269.75824
18719.25148,307.142273
18719.25981,405.408875
18719.26815,487.195984
18719.27648,487.195984
18719.28481,542.280212
18719.29315,557.691589
18719.30148,589.124695
18719.30981,630.476013
18719.31815,696.54657
18719.32648,696.54657
18719.33481,759.717957
18719.34315,819.53241
18719.35148,870.191589
18719.35981,914.594666
18719.36815,902.540222
18719.37648,902.540222
18719.38481,902.082458
18719.39315,924.970642
18719.40148,908.948914
18719.40981,886.213318
18719.41815,869.123474
18719.42648,869.123474
18719.43481,822.736755
18719.44315,809.461609
18719.45148,769.636169
18719.45981,753.767029
18719.46815,715.009705
18719.47648,715.009705
18719.48481,684.492126
18719.49315,657.636658
18719.50148,650.007263
18719.50981,633.680359
18719.51815,619.031921
18719.52648,619.031921
18719.53481,609.266296
18719.54315,601.636902
18719.55148,602.399841
18719.55981,609.72406
18719.56815,609.72406
18719.57648,605.909363
18719.58481,605.909363
18719.59315,622.694031
18719.60148,629.407898
18719.60981,634.748474
18719.61815,634.748474
18719.62648,636.579529
18719.63481,660.688416
18719.64315,670.454041
18719.65148,668.31781
18719.65981,683.424011
18719.66815,683.424011
18719.67648,702.34491
18719.68481,715.31488
18719.69315,711.347595
18719.70148,717.298523
18719.70981,744.764343
18719.71815,759.412781
18719.72648,759.412781
18719.73481,770.856873
18719.74315,785.047546
18719.75148,796.949402
18719.75981,813.276306
18719.76815,807.630554
18719.77648,807.630554
18719.78481,811.292664
18719.79315,826.856628
18719.80148,805.952087
18719.80981,795.881287
18719.81815,785.657898
18719.82648,758.497253
18719.83481,758.497253
18719.84315,718.366638
18719.85148,671.369568
18719.85981,607.58783
18719.86815,538.770691
18719.87648,457.136169
18719.88481,457.136169
18719.89315,374.891296
18719.90148,277.845398
18719.90981,225.9655
18719.91815,155.469894
18719.92648,155.469894
18719.93481,98.859787
18719.94315,73.072433
18719.95148,57.966232
18719.95981,52.32048
18719.96815,39.808273
18719.97648,39.808273
18719.98481,25.617599
18719.99315,24.702072
18720.00148,16.309738
18720.00981,22.871017
18720.01815,25.770187
18720.02648,25.770187
18720.03481,17.225266
18720.04315,13.868332
18720.05148,17.377853
18720.05981,21.192551
18720.06815,25.007248
18720.07648,25.007248
18720.08481,8.680344
18720.09315,14.02092
18720.10148,21.192551
18720.10981,22.413254
18720.11815,23.633957
18720.12648,23.633957
18720.13481,17.225266
18720.14315,17.683029
18720.15148,17.683029
18720.15981,14.173508
18720.16815,18.903732
18720.17648,18.903732
18720.18481,9.748459
18720.19315,8.375168
18720.20148,20.582199
18720.20981,21.345139
18720.21815,15.241623
18720.22648,15.241623
18720.23481,25.007248
18720.24315,10.511398
18720.25148,11.274338
18720.25981,22.71843
18720.26815,22.71843
18720.27648,7.764816
18720.28481,13.410568
18720.29315,9.748459
18720.30148,12.495041
18720.30981,23.023605
18720.31815,23.023605
18720.32648,10.053635
18720.33481,10.053635
18720.34315,25.617599
18720.35148,25.617599
18720.35981,54.609299
18720.36815,54.609299
18720.37648,103.742599
18720.38481,227.033615
18720.39315,310.95697
18720.40148,345.441833
18720.40981,423.261658
18720.41815,478.04071
18720.42648,532.056824
18720.43481,532.056824
18720.44315,556.318298
18720.45148,568.52533
18720.45981,596.296326
18720.46815,642.835632
18720.47648,642.835632
18720.48481,695.78363
18720.49315,761.243835
18720.50148,810.8349
18720.50981,844.709412
18720.51815,844.709412
18720.52648,852.79657
18720.53481,869.733826
18720.54315,877.515808
18720.55148,870.344177
18720.55981,837.080017
18720.56815,837.080017
18720.57648,822.278992
18720.58481,822.278992
18720.59315,800.764099
18720.60148,774.976746
18720.60981,753.004089
18720.61815,753.004089
18720.62648,708.14325
18720.63481,708.14325
18720.64315,685.255066
18720.65148,671.674744
18720.65981,662.51947
18720.66815,640.85199
18720.67648,640.85199
18720.68481,642.377869
18720.69315,641.462341
18720.70148,627.424255
18720.70981,630.628601
18720.71815,630.628601
18720.72648,623.609558
18720.73481,623.609558
18720.74315,632.15448
18720.75148,620.252625
18720.75981,625.135437
18720.76815,625.135437
18720.77648,632.307068
18720.78481,632.307068
18720.79315,647.718445
18720.80148,655.347839
18720.80981,670.759216
18720.81815,708.448425
18720.82648,708.448425
18720.83481,730.573669
18720.84315,738.203064
18720.85148,760.023132
18720.85981,773.298279
18720.86815,773.298279
18720.87648,780.012146
18720.88481,793.592468
18720.89315,797.10199
18720.90148,809.309021
18720.90981,826.398865
18720.91815,826.398865
18720.92648,823.499695
18720.93481,835.40155
18720.94315,835.554138
18720.95148,831.129089
18720.95981,853.254333
18720.96815,853.254333
18720.97648,839.216248
18720.98481,816.785828
18720.99315,794.507996
18721.00148,756.361023
18721.00981,713.789001
18721.01815,713.789001
18721.02648,651.533142
18721.03481,593.09198
18721.04315,506.26947
18721.05148,413.038269
18721.05981,318.738953
18721.06815,246.717453
18721.07648,246.717453
18721.08481,183.393478
18721.09315,122.053146
18721.10148,84.211349
18721.10981,70.631027
18721.11815,49.573898
18721.12648,49.573898
18721.13481,42.24968
18721.14315,36.756516
18721.15148,32.78923
18721.15981,26.685715
18721.16815,26.685715
18721.17648,14.02092
18721.18481,11.579514
18721.19315,30.805588
18721.20148,22.108078
18721.20981,20.887375
18721.21815,20.887375
18721.22648,16.614914
18721.23481,16.614914
18721.24315,9.138107
18721.25148,22.413254
18721.25981,15.546799
18721.26815,21.345139
18721.27648,21.345139
18721.28481,12.952805
18721.29315,15.546799
18721.30148,23.176193
18721.30981,22.108078
18721.31815,22.108078
18721.32648,16.92009
18721.33481,23.786545
18721.34315,14.173508
18721.35148,16.462326
18721.35981,18.751144
18721.36815,18.903732
18721.37648,2.576828
18721.38481,2.576828
18721.39315,0.898361
18721.40148,7.459641
18721.40981,23.328781
18721.41815,14.173508
18721.42648,14.173508
18721.43481,25.770187
18721.44315,6.696701
18721.45148,23.939133
18721.45981,25.007248
18721.46815,16.309738
18721.47648,19.971848
18721.48481,19.971848
18721.49315,24.091721
18721.50148,8.22258
18721.50981,17.072678
18721.51815,7.459641
18721.52648,7.459641
18721.53481,5.475998
18721.54315,11.579514
18721.55148,28.669357
18721.55981,44.538498
18721.56815,123.579025
18721.57648,189.344406
18721.58481,189.344406
18721.59315,225.660324
18721.60148,274.183289
18721.60981,343.915955
18721.61815,399.763123
18721.62648,399.763123
18721.63481,471.937195
18721.64315,508.253113
18721.65148,543.806091
18721.65981,588.05658
18721.66815,643.598572
18721.67648,643.598572
18721.68481,709.821716
18721.69315,764.295593
18721.70148,818.006531
18721.70981,857.984558
18721.71815,878.583923
18721.72648,878.583923
18721.73481,894.147888
18721.74315,897.047058
18721.75148,894.75824
18721.75981,886.06073
18721.76815,861.49408
18721.77648,861.49408
18721.78481,840.742126
18721.79315,828.535095
18721.80148,799.543396
18721.80981,781.843201
18721.81815,765.363708
18721.82648,765.363708
18721.83481,745.832458
18721.84315,715.772644
18721.85148,705.24408
18721.85981,685.71283
18721.86815,685.71283
18721.87648,666.18158
18721.88481,655.653015
18721.89315,647.413269
18721.90148,643.140808
18721.90981,635.358826
18721.91815,640.699402
18721.92648,625.288025
18721.93481,625.288025
18721.94315,634.443298
18721.95148,640.08905
18721.95981,631.086365
18721.96815,633.527771
18721.97648,633.527771
18721.98481,643.598572
18721.99315,646.955505
18722.00148,655.500427
18722.00981,663.892761
18722.01815,663.892761
18722.02648,673.963562
18722.03481,673.963562
18722.04315,699.293152
18722.05148,694.562927
18722.05981,718.21405
18722.06815,718.21405
18722.07648,731.794373
18722.08481,754.37738
18722.09315,768.110291
18722.10148,785.810486
18722.10981,804.578796
18722.11815,829.450623
18722.12648,829.450623
18722.13481,824.720398
18722.14315,838.453308
18722.15148,842.573181
18722.15981,847.761169
18722.16815,853.101746
18722.17648,846.540466
18722.18481,846.540466
18722.19315,828.687683
18722.20148,805.03656
18722.20981,773.756042
18722.21815,732.099548
18722.22648,682.81366
18722.23481,682.81366
18722.24315,639.783875
18722.25148,571.4245
18722.25981,489.179626
18722.26815,416.242615
18722.27648,321.332947
18722.28481,321.332947
18722.29315,250.53215
18722.30148,188.123703
18722.30981,126.935959
18722.31815,88.941574
18722.32648,88.941574
18722.33481,69.105148
18722.34315,58.88176
18722.35148,51.557541
18722.35981,39.197922
18722.36815,37.214279
18722.37648,18.140793
18722.38481,18.140793
18722.39315,22.71843
18722.40148,26.838303
18722.40981,26.990891
18722.41815,23.633957
18722.42648,23.633957
18722.43481,24.549484
18722.44315,19.666672
18722.45148,17.530441
18722.45981,12.189865
18722.46815,12.189865
18722.47648,23.786545
18722.48481,16.15715
18722.49315,6.391525
18722.50148,21.345139
18722.50981,13.410568
18722.51815,19.05632
18722.52648,19.05632
18722.53481,18.903732
18722.54315,22.871017
18722.55148,11.884689
18722.55981,20.734787
18722.56815,22.413254
18722.57648,22.413254
18722.58481,16.004562
18722.59315,14.783859
18722.60148,16.15715
18722.60981,20.887375
18722.61815,14.478683
18722.62648,14.478683
18722.63481,18.751144
18722.64315,20.429611
18722.65148,14.478683
18722.65981,17.835617
18722.66815,20.734787
18722.67648,20.734787
18722.68481,17.683029
18722.69315,15.699387
18722.70148,12.495041
18722.70981,16.309738
18722.71815,16.309738
18722.72648,17.072678
18722.73481,8.832932
18722.74315,18.140793
18722.75148,11.12175
18722.75981,38.434982
18722.76815,38.434982
18722.77648,119.61174
18722.78481,195.905685
18722.79315,199.720383
18722.80148,243.055344
18722.80981,333.234802
18722.81815,416.395203
18722.82648,416.395203
18722.83481,532.209412
18722.84315,603.620544
18722.85148,636.274353
18722.85981,653.82196
18722.86815,653.82196
18722.87648,660.230652
18722.88481,717.298523
18722.89315,756.208435
18722.90148,803.205505
18722.90981,831.739441
18722.91815,867.902771
18722.92648,867.902771
18722.93481,860.120789
18722.94315,858.747498
18722.95148,845.319763
18722.95981,832.197205
18722.96815,832.197205
18722.97648,789.930359
18722.98481,789.930359
18722.99315,763.83783
18723.00148,739.728943
18723.00981,717.298523
18723.01815,707.075134
18723.02648,688.306824
18723.03481,688.306824
18723.04315,671.827332
18723.05148,661.756531
18723.05981,671.522156
18723.06815,660.688416
18723.07648,655.195251
18723.08481,655.195251
18723.09315,659.925476
18723.10148,660.078064
18723.10981,651.533142
18723.11815,659.315125
18723.12648,664.045349
18723.13481,664.045349
18723.14315,663.129822
18723.15148,660.535828
18723.15981,670.301453
18723.16815,670.911804
18723.17648,669.385925
18723.18481,669.385925
18723.19315,677.473083
18723.20148,695.020691
18723.20981,693.6474
18723.21815,702.34491
18723.22648,702.34491
18723.23481,716.993347
18723.24315,733.167664
18723.25148,743.238464
18723.25981,759.412781
18723.26815,776.655212
18723.27648,776.655212
18723.28481,777.875916
18723.29315,804.731384
18723.30148,805.7995
18723.30981,818.464294
18723.31815,824.415222
18723.32648,824.415222
18723.33481,844.251648
18723.34315,838.911072
18723.35148,821.821228
18723.35981,802.289978
18723.36815,786.878601
18723.37648,786.878601
18723.38481,755.292908
18723.39315,724.77533
18723.40148,667.249695
18723.40981,617.200867
18723.41815,556.776062
18723.42648,556.776062
18723.43481,476.057068
18723.44315,390.913025
18723.45148,297.376648
18723.45981,214.063644
18723.46815,146.009445
18723.47648,114.271164
18723.48481,114.271164
18723.49315,80.091476
18723.50148,69.7155
18723.50981,46.064377
18723.51815,46.369553
18723.52648,46.369553
18723.53481,40.418625
18723.54315,26.990891
18723.55148,15.546799
18723.55981,27.75383
18723.56815,27.75383
18723.57648,18.903732
18723.58481,14.173508
18723.59315,29.432297
18723.60148,22.108078
18723.60981,16.309738
18723.61815,10.053635
18723.62648,10.053635
18723.63481,22.71843
18723.64315,19.971848
18723.65148,24.244308
18723.65981,5.32341
18723.66815,26.227951
18723.67648,13.410568
18723.68481,13.410568
18723.69315,26.990891
18723.70148,7.917404
18723.70981,24.549484
18723.71815,7.612228
18723.72648,7.612228
18723.73481,9.290695
18723.74315,13.868332
18723.75148,19.666672
18723.75981,14.02092
18723.76815,14.02092
18723.77648,14.936447
18723.78481,15.546799
18723.79315,16.309738
18723.80148,16.92009
18723.80981,16.767502
18723.81815,24.396896
18723.82648,24.396896
18723.83481,19.971848
18723.84315,16.15715
18723.85148,14.783859
18723.85981,22.565842
18723.86815,19.514084
18723.87648,19.514084
18723.88481,14.631271
18723.89315,14.02092
18723.90148,26.533127
18723.90981,26.533127
18723.91815,16.614914
18723.92648,14.936447
18723.93481,14.936447
18723.94315,23.939133
18723.95148,9.443283
18723.95981,20.124435
18723.96815,30.500412
18723.97648,30.500412
18723.98481,88.941574
18723.99315,130.44548
18724.00148,169.050217
18724.00981,191.9384
18724.01815,254.19426
18724.02648,319.349304
18724.03481,319.349304
18724.04315,401.136414
18724.05148,478.345886
18724.05981,551.435486
18724.06815,587.141052
18724.07648,635.511414
18724.08481,635.511414
18724.09315,667.097107
18724.10148,699.750916
18724.10981,765.97406
18724.11815,765.97406
18724.12648,796.796814
18724.13481,849.439636
18724.14315,865.461365
18724.15148,888.807312
18724.15981,870.801941
18724.16815,870.801941
18724.17648,870.801941
18724.18481,833.26532
18724.19315,830.36615
18724.20148,789.625183
18724.20981,773.145691
18724.21815,731.94696
18724.22648,731.94696
18724.23481,720.045105
18724.24315,688.459412
18724.25148,687.696472
18724.25981,641.157166
18724.26815,641.157166
18724.27648,647.413269
18724.28481,642.225281
18724.29315,653.059021
18724.30148,645.429626
18724.30981,657.48407
18724.31815,657.48407
18724.32648,654.432312
18724.33481,654.432312
18724.34315,660.38324
18724.35148,666.791931
18724.35981,670.606628
18724.36815,670.606628
18724.37648,677.01532
18724.38481,675.336853
18724.39315,699.598328
18724.40148,694.257751
18724.40981,690.900818
18724.41815,690.900818
18724.42648,698.835388
18724.43481,714.246765
18724.44315,713.17865
18724.45148,724.01239
18724.45981,732.252136
18724.46815,732.252136
18724.47648,753.309265
18724.48481,753.309265
18724.49315,746.44281
18724.50148,762.311951
18724.50981,767.652527
18724.51815,765.97406
18724.52648,765.97406
18724.53481,763.990417
18724.54315,775.587097
18724.55148,775.587097
18724.55981,788.40448
18724.56815,788.40448
18724.57648,790.235535
18724.58481,789.625183
18724.59315,754.987732
18724.60148,739.118591
18724.60981,689.527527
18724.61815,668.775574
18724.62648,668.775574
18724.63481,606.214539
18724.64315,552.198425
18724.65148,467.664734
18724.65981,400.373474
18724.66815,307.294861
18724.67648,307.294861
18724.68481,229.475021
18724.69315,143.568039
18724.70148,118.543625
18724.70981,72.462082
18724.71815,61.01799
18724.72648,48.963547
18724.73481,48.963547
18724.74315,55.830002
18724.75148,33.246994
18724.75981,31.263351
18724.76815,31.263351
18724.77648,13.715744
18724.78481,28.364182
18724.79315,17.225266
18724.80148,19.971848
18724.80981,17.835617
18724.81815,27.296066
18724.82648,14.783859
18724.83481,14.783859
18724.84315,25.922775
18724.85148,12.647629
18724.85981,32.941818
18724.86815,32.941818
18724.87648,12.037277
18724.88481,20.734787
18724.89315,14.02092
18724.90148,22.565842
18724.90981,10.206223
18724.91815,22.260666
18724.92648,22.260666
18724.93481,16.309738
18724.94315,23.023605
18724.95148,15.546799
18724.95981,29.584885
18724.96815,10.35881
18724.97648,10.35881
18724.98481,30.958176
18724.99315,6.238937
18725.00148,15.546799
18725.00981,8.985519
18725.01815,18.903732
18725.02648,18.903732
18725.03481,12.037277
18725.04315,15.699387
18725.05148,14.936447
18725.05981,17.988205
18725.06815,18.598557
18725.07648,18.598557
18725.08481,16.767502
18725.09315,13.105392
18725.10148,25.770187
18725.10981,5.781174
18725.11815,16.767502
18725.12648,16.767502
18725.13481,15.394211
18725.14315,19.361496
18725.15148,15.241623
18725.15981,15.394211
18725.16815,16.15715
18725.17648,16.15715
18725.18481,30.500412
18725.19315,30.653
18725.20148,49.268723
18725.20981,49.268723
18725.21815,69.868088
18725.22648,128.30925
18725.23481,192.853928
18725.24315,213.148117
18725.25148,261.671082
18725.25981,313.703552
18725.26815,361.158386
18725.27648,361.158386
18725.28481,413.038269
18725.29315,444.623962
18725.30148,453.931824
18725.30981,480.176941
18725.31815,480.176941
18725.32648,511.762634
18725.33481,568.830505
18725.34315,620.862976
18725.35148,670.301453
18725.35981,719.739929
18725.36815,719.739929
18725.37648,781.385437
18725.38481,781.385437
18725.39315,801.221863
18725.40148,809.919373
18725.40981,807.630554
18725.41815,813.123718
18725.42648,813.123718
18725.43481,803.968445
18725.44315,800.00116
18725.45148,790.845886
18725.45981,780.622498
18725.46815,780.622498
18725.47648,761.243835
18725.48481,746.900574
18725.49315,732.404724
18725.50148,710.432068
18725.50981,703.718201
18725.51815,697.767273
18725.52648,697.767273
18725.53481,701.276794
18725.54315,690.900818
18725.55148,696.54657
18725.55981,683.729187
18725.56815,683.729187
18725.57648,681.287781
18725.58481,681.287781
18725.59315,696.241394
18725.60148,701.276794
18725.60981,696.851746
18725.61815,693.952576
18725.62648,693.952576
18725.63481,702.039734
18725.64315,709.058777
18725.65148,714.094177
18725.65981,710.584656
18725.66815,710.584656
18725.67648,721.418396
18725.68481,721.418396
18725.69315,733.778015
18725.70148,732.099548
18725.70981,741.40741
18725.71815,741.40741
18725.72648,743.54364
18725.73481,743.54364
18725.74315,737.134949
18725.75148,754.072205
18725.75981,754.37738
18725.76815,763.685242
18725.77648,763.685242
18725.78481,771.467224
18725.79315,793.897644
18725.80148,788.40448
18725.80981,792.524353
18725.81815,766.584412
18725.82648,766.584412
18725.83481,769.483582
18725.84315,733.472839
18725.85148,712.873474
18725.85981,676.404968
18725.86815,639.783875
18725.87648,639.783875
18725.88481,582.563416
18725.89315,517.10321
18725.90148,439.435974
18725.90981,376.722351
18725.91815,274.335876
18725.92648,274.335876
18725.93481,207.807541
18725.94315,144.330978
18725.95148,118.391037
18725.95981,67.274094
18725.96815,67.274094
18725.97648,67.426682
18725.98481,43.012619
18725.99315,55.98259
18726.00148,18.903732
18726.00981,36.146164
18726.01815,8.985519
18726.02648,8.985519
18726.03481,30.042648
18726.04315,14.02092
18726.05148,23.023605
18726.05981,14.326096
18726.06815,22.565842
18726.07648,22.565842
18726.08481,13.563156
18726.09315,19.361496
18726.10148,12.037277
18726.10981,13.25798
18726.11815,33.857346
18726.12648,33.857346
18726.13481,9.138107
18726.14315,29.89006
18726.15148,10.969162
18726.15981,28.516769
18726.16815,12.189865
18726.17648,21.497726
18726.18481,21.497726
18726.19315,13.25798
18726.20148,29.89006
18726.20981,16.92009
18726.21815,16.92009
18726.22648,20.124435
18726.23481,20.429611
18726.24315,12.800217
18726.25148,22.565842
18726.25981,7.154465
18726.26815,7.154465
18726.27648,27.296066
18726.28481,8.680344
18726.29315,24.244308
18726.30148,20.887375
18726.30981,21.345139
18726.31815,21.345139
18726.32648,14.326096
18726.33481,28.821945
18726.34315,9.748459
18726.35148,17.683029
18726.35981,15.851974
18726.36815,15.851974
18726.37648,28.669357
18726.38481,28.669357
18726.39315,40.571213
18726.40148,45.911789
18726.40981,61.628342
18726.41815,61.628342
18726.42648,126.935959
18726.43481,176.06926
18726.44315,199.415207
18726.45148,215.13176
18726.45981,272.504822
18726.46815,272.504822
18726.47648,412.885681
18726.48481,412.885681
18726.49315,429.975525
18726.50148,425.397888
18726.50981,425.397888
18726.51815,442.945496
18726.52648,500.013367
18726.53481,500.013367
18726.54315,523.206726
18726.55148,563.489929
18726.55981,608.045593
18726.56815,650.465027
18726.57648,688.154236
18726.58481,688.154236
18726.59315,726.91156
18726.60148,744.30658
18726.60981,762.311951
18726.61815,771.00946
18726.62648,793.745056
18726.63481,793.745056
18726.64315,799.085632
18726.65148,789.167419
18726.65981,784.284607
18726.66815,782.300964
18726.67648,769.941345
18726.68481,769.941345
18726.69315,759.107605
18726.70148,741.40741
18726.70981,724.01239
18726.71815,717.603699
18726.72648,717.603699
18726.73481,717.451111
18726.74315,702.955261
18726.75148,705.854431
18726.75981,702.650085
18726.76815,692.121521
18726.77648,692.121521
18726.78481,700.666443
18726.79315,699.140564
18726.80148,700.819031
18726.80981,706.464783
18726.81815,721.87616
18726.82648,721.87616
18726.83481,732.7099
18726.84315,738.355652
18726.85148,732.099548
18726.85981,736.677185
18726.86815,736.677185
18726.87648,740.034119
18726.88481,744.153992
18726.89315,745.222107
18726.90148,748.579041
18726.90981,744.153992
18726.91815,747.968689
18726.92648,747.968689
18726.93481,753.309265
18726.94315,766.584412
18726.95148,771.619812
18726.95981,760.786072
18726.96815,764.295593
18726.97648,764.295593
18726.98481,775.434509
18726.99315,787.336365
18727.00148,789.777771
18727.00981,779.859558
18727.01815,778.791443
18727.02648,778.791443
18727.03481,783.979431
18727.04315,756.818787
18727.05148,743.696228
18727.05981,715.772644
18727.06815,715.772644
18727.07648,689.527527
18727.08481,643.293396
18727.09315,609.571472
18727.10148,546.400085
18727.10981,485.212341
18727.11815,485.212341
18727.12648,417.005554
18727.13481,336.133972
18727.14315,261.823669
18727.15148,210.096359
18727.15981,151.960373
18727.16815,151.960373
18727.17648,96.876144
18727.18481,65.443039
18727.19315,73.987961
18727.20148,72.919846
18727.20981,59.034348
18727.21815,47.895432
18727.22648,47.895432
18727.23481,38.434982
18727.24315,18.598557
18727.25148,4.102707
18727.25981,21.039963
18727.26815,15.089035
18727.27648,15.089035
18727.28481,19.361496
18727.29315,18.598557
18727.30148,26.533127
18727.30981,23.481369
18727.31815,17.225266
18727.32648,17.225266
18727.33481,14.783859
18727.34315,21.95549
18727.35148,18.140793
18727.35981,17.225266
18727.36815,14.783859
18727.37648,19.666672
18727.38481,19.666672
18727.39315,20.429611
18727.40148,23.176193
18727.40981,28.974533
18727.41815,15.546799
18727.42648,26.533127
18727.43481,26.533127
18727.44315,23.786545
18727.45148,20.429611
18727.45981,6.391525
18727.46815,32.941818
18727.47648,4.102707
18727.48481,4.102707
18727.49315,23.176193
18727.50148,8.22258
18727.50981,10.816574
18727.51815,5.018234
18727.52648,5.018234
18727.53481,13.25798
18727.54315,3.950119
18727.55148,19.971848
18727.55981,12.800217
18727.56815,11.732101
18727.57648,11.732101
18727.58481,26.380539
18727.59315,11.274338
18727.60148,15.394211
18727.60981,38.892746
18727.61815,31.873703
18727.62648,31.873703
18727.63481,50.947189
18727.64315,82.227707
18727.65148,131.055832
18727.65981,165.082932
18727.66815,165.082932
18727.67648,211.164474
18727.68481,211.164474
18727.69315,250.837326
18727.70148,315.382019
18727.70981,402.81488
18727.71815,402.81488
18727.72648,426.160828
18727.73481,426.160828
18727.74315,405.866638
18727.75148,410.291687
18727.75981,421.125427
18727.76815,421.125427
18727.77648,447.828308
18727.78481,449.811951
18727.79315,501.844421
18727.80148,515.729919
18727.80981,551.588074
18727.81815,571.729675
18727.82648,571.729675
18727.83481,604.993835
18727.84315,637.342468
18727.85148,671.21698
18727.85981,693.952576
18727.86815,693.952576
18727.87648,716.993347
18727.88481,731.641785
18727.89315,757.886902
18727.90148,763.07489
18727.90981,788.099304
18727.91815,788.099304
18727.92648,799.085632
18727.93481,799.085632
18727.94315,793.745056
18727.95148,787.641541
18727.95981,769.483582
18727.96815,769.483582
18727.97648,758.497253
18727.98481,758.497253
18727.99315,747.510925
18728.00148,738.813416
18728.00981,727.216736
18728.01815,727.216736
18728.02648,733.472839
18728.03481,733.472839
18728.04315,728.590027
18728.05148,729.505554
18728.05981,731.031433
18728.06815,738.050476
18728.07648,735.761658
18728.08481,735.761658
18728.09315,742.780701
18728.10148,734.998718
18728.10981,748.426453
18728.11815,748.426453
18728.12648,742.933289
18728.13481,756.971375
18728.14315,741.865173
18728.15148,751.783386
18728.15981,740.339294
18728.16815,761.396423
18728.17648,761.396423
18728.18481,747.20575
18728.19315,765.516296
18728.20148,749.189392
18728.20981,763.83783
18728.21815,746.137634
18728.22648,746.137634
18728.23481,761.549011
18728.24315,746.595398
18728.25148,756.208435
18728.25981,743.391052
18728.26815,743.391052
18728.27648,762.922302
18728.28481,752.088562
18728.29315,758.192078
18728.30148,736.066833
18728.30981,734.388367
18728.31815,734.388367
18728.32648,703.870789
18728.33481,703.870789
18728.34315,698.987976
18728.35148,702.497498
18728.35981,683.729187
18728.36815,683.729187
18728.37648,664.655701
18728.38481,631.696716
18728.39315,608.198181
18728.40148,563.032166
18728.40981,537.3974
18728.41815,486.585632
18728.42648,448.591248
18728.43481,448.591248
18728.44315,400.67865
18728.45148,350.477234
18728.45981,296.918884
18728.46815,296.918884
18728.47648,239.240646
18728.48481,202.619553
18728.49315,155.317307
18728.50148,133.955002
18728.50981,95.04509
18728.51815,95.04509
18728.52648,78.565598
18728.53481,46.827316
18728.54315,55.830002
18728.55148,59.339523
18728.55981,45.301437
18728.56815,30.958176
18728.57648,30.958176
18728.58481,27.448654
18728.59315,16.309738
18728.60148,13.25798
18728.60981,15.546799
18728.61815,15.546799
18728.62648,19.81926
18728.63481,14.478683
18728.64315,18.598557
18728.65148,18.903732
18728.65981,20.277023
18728.66815,20.887375
18728.67648,10.816574
18728.68481,10.816574
18728.69315,29.89006
18728.70148,7.459641
18728.70981,30.958176
18728.71815,30.958176
18728.72648,21.497726
18728.73481,21.497726
18728.74315,16.614914
18728.75148,24.091721
18728.75981,4.560471
18728.76815,15.699387
18728.77648,15.699387
18728.78481,14.478683
18728.79315,21.039963
18728.80148,8.832932
18728.80981,11.884689
18728.81815,11.884689
18728.82648,8.832932
18728.83481,8.832932
18728.84315,16.92009
18728.85148,10.511398
18728.85981,11.579514
18728.86815,11.579514
18728.87648,10.663986
18728.88481,23.176193
18728.89315,7.154465
18728.90148,14.173508
18728.90981,16.767502
18728.91815,17.377853
18728.92648,17.377853
18728.93481,12.800217
18728.94315,21.497726
18728.95148,12.495041
18728.95981,12.495041
18728.96815,21.345139
18728.97648,21.345139
18728.98481,14.173508
18728.99315,7.001877
18729.00148,12.952805
18729.00981,11.884689
18729.01815,11.884689
18729.02648,23.023605
18729.03481,51.252365
18729.04315,85.889816
18729.05148,116.559982
18729.05981,117.322922
18729.06815,117.322922
18729.07648,169.813156
18729.08481,169.813156
18729.09315,209.791183
18729.10148,252.973557
18729.10981,335.981384
18729.11815,413.648621
18729.12648,413.648621
18729.13481,450.57489
18729.14315,431.80658
18729.15148,418.531433
18729.15981,418.531433
18729.16815,401.746765
18729.17648,400.068298
18729.18481,400.068298
18729.19315,415.784851
18729.20148,417.158142
18729.20981,424.787537
18729.21815,424.787537
18729.22648,426.313416
18729.23481,451.643005
18729.24315,468.580261
18729.25148,468.427673
18729.25981,482.160583
18729.26815,482.160583
18729.27648,536.024109
18729.28481,536.024109
18729.29315,561.811462
18729.30148,594.007507
18729.30981,633.985535
18729.31815,674.11615
18729.32648,674.11615
18729.33481,714.551941
18729.34315,735.761658
18729.35148,779.249207
18729.35981,780.012146
18729.36815,780.012146
18729.37648,805.646912
18729.38481,805.646912
18729.39315,808.698669
18729.40148,807.477966
18729.40981,798.322693
18729.41815,796.949402
18729.42648,795.118347
18729.43481,795.118347
18729.44315,792.219177
18729.45148,775.892273
18729.45981,750.104919
18729.46815,763.227478
18729.47648,763.227478
18729.48481,751.325623
18729.49315,757.123962
18729.50148,747.968689
18729.50981,735.761658
18729.51815,743.848816
18729.52648,743.848816
18729.53481,751.020447
18729.54315,749.494568
18729.55148,749.036804
18729.55981,733.015076
18729.56815,750.257507
18729.57648,750.257507
18729.58481,739.881531
18729.59315,755.750671
18729.60148,749.494568
18729.60981,740.64447
18729.61815,740.64447
18729.62648,755.903259
18729.63481,752.393738
18729.64315,776.044861
18729.65148,761.701599
18729.65981,780.622498
18729.66815,780.622498
18729.67648,774.824158
18729.68481,783.674255
18729.69315,782.60614
18729.70148,797.10199
18729.70981,783.979431
18729.71815,783.979431
18729.72648,788.251892
18729.73481,788.251892
18729.74315,792.219177
18729.75148,784.589783
18729.75981,788.557068
18729.76815,777.723328
18729.77648,777.723328
18729.78481,790.998474
18729.79315,769.788757
18729.80148,756.666199
18729.80981,753.004089
18729.81815,753.004089
18729.82648,750.104919
18729.83481,726.453796
18729.84315,712.263123
18729.85148,677.473083
18729.85981,651.380554
18729.86815,651.380554
18729.87648,626.050964
18729.88481,626.050964
18729.89315,586.988464
18729.90148,571.271912
18729.90981,554.487244
18729.91815,554.487244
18729.92648,499.097839
18729.93481,499.097839
18729.94315,466.291443
18729.95148,440.961853
18729.95981,427.686707
18729.96815,426.313416
18729.97648,416.090027
18729.98481,416.090027
18729.99315,406.47699
18730.00148,397.77948
18730.00981,373.365417
18730.01815,373.365417
18730.02648,349.103943
18730.03481,333.997742
18730.04315,305.616394
18730.05148,270.368591
18730.05981,244.428635
18730.06815,212.080002
18730.07648,173.933029
18730.08481,173.933029
18730.09315,144.178391
18730.10148,115.491867
18730.10981,92.451096
18730.11815,71.241379
18730.12648,71.241379
18730.13481,49.42131
18730.14315,48.353195
18730.15148,38.740158
18730.15981,22.413254
18730.16815,16.309738
18730.17648,16.309738
18730.18481,15.089035
18730.19315,19.666672
18730.20148,23.176193
18730.20981,20.124435
18730.21815,15.851974
